ActionString,Action_ActionString,Action_Address,Action_AllowPrivateIP,Action_Command,Action_CommandParts_0,Action_CommandParts_1,Action_HTTP_Regex,Action_HasAdvancedOptions,Action_IsAll,Action_IsMonitorable,Action_LarArgument,Action_MAILFLOW_IP,Action_RawString,Action_SMTP_Port,Action_SpecialServer,Action_TCP_Port,Action_Threshold,CurrentStatus,DomainSubscription,ExpirationInHours,ExpiresIn,Failing,Failing_BlacklistReasonCode,Failing_BlacklistReasonDescription,Failing_DelistUrl,Failing_ID,Failing_Info,Failing_IsExcludedByUser,Failing_Name,Failing_PublicDescription,Failing_Url,FrequencyInMinutes,HistoryUrl,IsActive,LarId,LarUID,LastChecked,LastTransition,MonitorUID,MxRep,Name,Policies_AlertGroupId,Policies_Description,Policies_EndPoints,Policies_Id,Policies_IsEnabled,Policies_IsSendToAllTagsEnabled,Policies_NumMinutesToDelay,Policies_NumMinutesToRepeat,Policies_PolicyFilters,Policies_PolicyUID,Policies_SortOrder,Policies_StackedNotificationFrequency,Policies_TagMaps,Policies_TagNames,Policies_Title,Policies_Url,RecordCount,StatusSummary,Tags,Tags_BackgroundColor,Tags_Color,Tags_DisplayName,Tags_IsHidden,Tags_IsNegative,Tags_MonitorCount,Tags_Name,Tags_UID,TimeElapsed,Warnings
blacklist:185.3.132.94,blacklist:185.3.132.94,185.3.132.94,False,blacklist,blacklist,185.3.132.94,,False,False,True,185.3.132.94,,blacklist:185.3.132.94,25,,0,10,0,,0,,[],,,,,,,,,,60,https://api.mxtoolbox.com/api/v1/history/000cb576-9451-418b-81e2-17b1649d2fea/,False,11740294,182befb3-f1a2-4870-a5b9-93924dbf8aa2,2018-11-29T12:34:57.803,2018-11-29T12:34:57.803,000cb576-9451-418b-81e2-17b1649d2fea,100,ptr94.mdjetservice.com Blacklist,109491.0,,[],265524.0,True,True,,,[],9f68c502-a035-4d94-bca7-ec7b8d3a98e3,-1.0,,[],,Default,,40,Not Blacklisted,[],,,,,,,,,40 days,[]
blacklist:23.254.148.2,blacklist:23.254.148.2,23.254.148.2,False,blacklist,blacklist,23.254.148.2,,False,False,True,23.254.148.2,,blacklist:23.254.148.2,25,,0,10,0,,0,,[],,,,,,,,,,60,https://api.mxtoolbox.com/api/v1/history/b157f871-ac6f-4f4b-8794-f13f7543034f/,True,129485421,1ddb015f-c229-4333-a627-fd995c884b65,2018-12-06T11:33:14.097,2018-12-06T11:33:14.097,b157f871-ac6f-4f4b-8794-f13f7543034f,100,BLACKLIST - 23.254.148.2,109491.0,,[],265524.0,True,True,,,[],9f68c502-a035-4d94-bca7-ec7b8d3a98e3,-1.0,,[],,Default,,40,Not Blacklisted,,"rgb(102,102,102)","rgb(255,255,255)",sys1,False,False,0.0,sys1,80b4b7f0-a224-44e6-81e5-38e89c3a44b3,33 days,[]
blacklist:176.56.220.184,blacklist:176.56.220.184,176.56.220.184,False,blacklist,blacklist,176.56.220.184,,False,False,True,176.56.220.184,,blacklist:176.56.220.184,25,,0,10,0,,0,,[],,,,,,,,,,60,https://api.mxtoolbox.com/api/v1/history/861b7cd6-898c-4395-8af0-a740cf04f17f/,True,129485422,f9c128b9-a1b5-4b3f-b192-24a27be6c7f6,2018-11-21T15:54:53.407,2018-11-21T15:54:53.32,861b7cd6-898c-4395-8af0-a740cf04f17f,100,wkreach.net - 176.56.220.184,109491.0,,[],265524.0,True,True,,,[],9f68c502-a035-4d94-bca7-ec7b8d3a98e3,-1.0,,[],,Default,,40,Not Blacklisted,,"rgb(102,102,102)","rgb(255,255,255)",sys2,False,False,0.0,sys2,0ba467dd-b050-4012-9e51-54d8967ecb4c,48 days,[]
blacklist:176.56.220.183,blacklist:176.56.220.183,176.56.220.183,False,blacklist,blacklist,176.56.220.183,,False,False,True,176.56.220.183,,blacklist:176.56.220.183,25,,0,10,0,,0,,[],,,,,,,,,,60,https://api.mxtoolbox.com/api/v1/history/af104e65-fbf4-4ee3-9ed0-26977ac3402b/,True,129485423,c3f8f865-2853-4c84-b323-5d79bb743730,2018-12-09T17:26:40.79,2018-12-09T17:26:40.79,af104e65-fbf4-4ee3-9ed0-26977ac3402b,100,wkreach.net - 176.56.220.183,109491.0,,[],265524.0,True,True,,,[],9f68c502-a035-4d94-bca7-ec7b8d3a98e3,-1.0,,[],,Default,,40,Not Blacklisted,,"rgb(102,102,102)","rgb(255,255,255)",sys2,False,False,0.0,sys2,0ba467dd-b050-4012-9e51-54d8967ecb4c,30 days,[]
blacklist:176.56.220.182,blacklist:176.56.220.182,176.56.220.182,False,blacklist,blacklist,176.56.220.182,,False,False,True,176.56.220.182,,blacklist:176.56.220.182,25,,0,10,2,,0,,,127.0.0.2,"SBL Advisory - Direct UBE sources, spam operations, & spam services",http://www.spamhaus.org/lookup/,168.0,"<p>
	Inclusion in the Spamhaus-ZEN Blacklist results from sub-listings in one more the following Blacklists:</p>
<ul>
	<li>
		<strong>CBL</strong> - You have contracted a Virus or Malware that is operating a Botnet, either on your email server on a workstation behind the NAT - Continual delisting requests without eliminating the virus will result in permanent blacklisting;</li>
	<li>
		<strong>XBL</strong> (Spamhaus Exploits Block List) is a realtime database of IP addresses of hijacked PCs infected by illegal 3rd party exploits, including open proxies;</li>
	<li>
		<strong>PBL</strong> - Spamhaus PBL is a DNSBL database of end-user IP address ranges which should not be delivering unauthenticated SMTP email to any Internet mail server except those provided for specifically by an ISP for that customer&#39;s use.</li>
</ul>
",False,Spamhaus ZEN,,,60,https://api.mxtoolbox.com/api/v1/history/7ebbfe7a-3889-4075-9651-9beb4ec726f3/,True,129485424,2bb0eb43-5a7e-4a0d-88c8-dc6af7bc6364,2019-01-07T11:39:12.663,2019-01-07T11:39:12.663,7ebbfe7a-3889-4075-9651-9beb4ec726f3,82,WKReach.Net - 176.56.220.182,,,,,,,,,,,,,,,,,40,,,"rgb(102,102,102)","rgb(255,255,255)",sys2,False,False,0.0,sys2,0ba467dd-b050-4012-9e51-54d8967ecb4c,24 hrs,
blacklist:176.56.220.182,blacklist:176.56.220.182,176.56.220.182,False,blacklist,blacklist,176.56.220.182,,False,False,True,176.56.220.182,,blacklist:176.56.220.182,25,,0,10,2,,0,,,127.0.0.2,Spam Source,http://dnsbl.invaluement.com/lookup/,172.0,"<p>
	Listing in the ivmSIP/24 blacklists indicates that your IP Address has been identified as a spam-sending server. Whether or not you operate an email-server on this IP Address, it has either sent spam or has been previously identified as such.</p>
",False,ivmSIP,,,60,https://api.mxtoolbox.com/api/v1/history/7ebbfe7a-3889-4075-9651-9beb4ec726f3/,True,129485424,2bb0eb43-5a7e-4a0d-88c8-dc6af7bc6364,2019-01-07T11:39:12.663,2019-01-07T11:39:12.663,7ebbfe7a-3889-4075-9651-9beb4ec726f3,82,WKReach.Net - 176.56.220.182,,,,,,,,,,,,,,,,,40,,,"rgb(102,102,102)","rgb(255,255,255)",sys2,False,False,0.0,sys2,0ba467dd-b050-4012-9e51-54d8967ecb4c,24 hrs,
blacklist:176.56.220.182,blacklist:176.56.220.182,176.56.220.182,False,blacklist,blacklist,176.56.220.182,,False,False,True,176.56.220.182,,blacklist:176.56.220.182,25,,0,10,2,,0,,,127.0.0.2,"IP produces email containing spam, scams, viruses, or other malware based on statistics in the global GBUdb network",http://www.gbudb.com/truncate/how-ips-are-removed.jsp,200.0,"<p>
	If you are on the Truncate Blacklist, there could be any number of issues that need to be addressed in your network: virus-generated spam, dynamic IP Addresses previously used by spammers or bulk mail sending that does not comply with the CAN-SPAM Act.</p>
",False,TRUNCATE,,,60,https://api.mxtoolbox.com/api/v1/history/7ebbfe7a-3889-4075-9651-9beb4ec726f3/,True,129485424,2bb0eb43-5a7e-4a0d-88c8-dc6af7bc6364,2019-01-07T11:39:12.663,2019-01-07T11:39:12.663,7ebbfe7a-3889-4075-9651-9beb4ec726f3,82,WKReach.Net - 176.56.220.182,109491.0,,[],265524.0,True,True,,,[],9f68c502-a035-4d94-bca7-ec7b8d3a98e3,-1.0,,[],,Default,,40,"Spamhaus ZEN,ivmSIP,TRUNCATE",,"rgb(102,102,102)","rgb(255,255,255)",sys2,False,False,0.0,sys2,0ba467dd-b050-4012-9e51-54d8967ecb4c,24 hrs,[]
blacklist:176.56.220.175,blacklist:176.56.220.175,176.56.220.175,False,blacklist,blacklist,176.56.220.175,,False,False,True,176.56.220.175,,blacklist:176.56.220.175,25,,0,10,2,,0,,,127.0.0.2,Listed,http://www.sorbs.net/lookup.shtml,121.0,"<p>
	The SORBS (Spam and Open Relay Blocking System) provides free access to its DNS-based Block List (DNSBL) to effectively block email from over 12 million host servers known to disseminate spam, phishing attacks, and other forms of malicious email. This blacklist typically includes email servers that are suspected of sending or relaying spam, servers that have been hacked and hijacked, and servers with Trojan infestations. Additionally, SORBS also lists servers with dynamically allocated IP addresses.</p>
",False,SORBS SPAM,,,60,https://api.mxtoolbox.com/api/v1/history/9046ca5c-0791-4c3b-9325-e29a1c9dba11/,True,129485425,ed1ef2af-2154-4137-9555-2a08b705e8d2,2019-01-02T16:09:03.43,2019-01-02T16:09:03.43,9046ca5c-0791-4c3b-9325-e29a1c9dba11,92,GetWhoKnows.Net- 176.56.220.175,109491.0,,[],265524.0,True,True,,,[],9f68c502-a035-4d94-bca7-ec7b8d3a98e3,-1.0,,[],,Default,,40,SORBS SPAM,[],,,,,,,,,6 days,[]
blacklist:176.56.220.107,blacklist:176.56.220.107,176.56.220.107,False,blacklist,blacklist,176.56.220.107,,False,False,True,176.56.220.107,,blacklist:176.56.220.107,25,,0,10,0,,0,,[],,,,,,,,,,60,https://api.mxtoolbox.com/api/v1/history/c9f3a6c6-99c9-4c8b-aaba-a37ec7a32d49/,True,129485426,011223ab-22c2-43e5-bd29-aea8a8dc9fd4,2018-12-14T13:44:20.407,2018-12-14T13:44:20.407,c9f3a6c6-99c9-4c8b-aaba-a37ec7a32d49,100,GetWhoKnows.net - 176.56.220.107,109491.0,,[],265524.0,True,True,,,[],9f68c502-a035-4d94-bca7-ec7b8d3a98e3,-1.0,,[],,Default,,40,Not Blacklisted,[],,,,,,,,,25 days,[]
blacklist:70.39.89.25,blacklist:70.39.89.25,70.39.89.25,False,blacklist,blacklist,70.39.89.25,,False,False,True,70.39.89.25,,blacklist:70.39.89.25,25,,0,10,2,,0,,,127.0.0.2,Listed,http://barracudacentral.org/rbl/removal-request,174.0,"<p>
	Listing in the Barracuda Blacklist could indicate any number of issues that need to be addressed in your network including but not limited to: virus-generated spam, poor server configuration, dynamic IP Addresses previously used by spammers, bulk mail sending that does not comply with the CAN-SPAM Act.</p>
",False,BARRACUDA,,,60,https://api.mxtoolbox.com/api/v1/history/4e7c064a-bd33-43fe-a570-be53605864c6/,True,129485427,f6247766-b3cd-4f38-a3a5-bbb024eb3105,2019-01-04T11:54:49.737,2019-01-04T11:54:49.737,4e7c064a-bd33-43fe-a570-be53605864c6,100,BLACKLIST - 70.39.89.25 (removal req 12-19),109491.0,,[],265524.0,True,True,,,[],9f68c502-a035-4d94-bca7-ec7b8d3a98e3,-1.0,,[],,Default,,40,BARRACUDA,[],,,,,,,,,4 days,[]
blacklist:70.39.89.23,blacklist:70.39.89.23,70.39.89.23,False,blacklist,blacklist,70.39.89.23,,False,False,True,70.39.89.23,,blacklist:70.39.89.23,25,,0,10,2,,0,,,127.0.0.2,Listed,http://barracudacentral.org/rbl/removal-request,174.0,"<p>
	Listing in the Barracuda Blacklist could indicate any number of issues that need to be addressed in your network including but not limited to: virus-generated spam, poor server configuration, dynamic IP Addresses previously used by spammers, bulk mail sending that does not comply with the CAN-SPAM Act.</p>
",False,BARRACUDA,,,60,https://api.mxtoolbox.com/api/v1/history/b9911bbe-6607-4c9f-bd43-f9183ad31b28/,True,129485428,ca7518e3-f0e0-4b81-9c88-089b8028aa6b,2019-01-04T11:02:25.467,2019-01-04T11:02:25.467,b9911bbe-6607-4c9f-bd43-f9183ad31b28,92,WK: sendwk.net - 70.39.89.23,109491.0,,[],265524.0,True,True,,,[],9f68c502-a035-4d94-bca7-ec7b8d3a98e3,-1.0,,[],,Default,,40,BARRACUDA,[],,,,,,,,,4 days,[]
blacklist:70.39.89.21,blacklist:70.39.89.21,70.39.89.21,False,blacklist,blacklist,70.39.89.21,,False,False,True,70.39.89.21,,blacklist:70.39.89.21,25,,0,10,2,,0,,,127.0.0.2,Listed,http://www.sorbs.net/lookup.shtml,121.0,"<p>
	The SORBS (Spam and Open Relay Blocking System) provides free access to its DNS-based Block List (DNSBL) to effectively block email from over 12 million host servers known to disseminate spam, phishing attacks, and other forms of malicious email. This blacklist typically includes email servers that are suspected of sending or relaying spam, servers that have been hacked and hijacked, and servers with Trojan infestations. Additionally, SORBS also lists servers with dynamically allocated IP addresses.</p>
",False,SORBS SPAM,,,60,https://api.mxtoolbox.com/api/v1/history/2b1cef15-3155-4a28-9539-df95cc35166a/,True,129485429,f54f4720-da0a-4d61-856a-bc8d1fba7a3a,2019-01-04T12:25:03.38,2019-01-04T12:25:03.38,2b1cef15-3155-4a28-9539-df95cc35166a,84,BLACKLIST - 70.39.89.21,,,,,,,,,,,,,,,,,40,,[],,,,,,,,,4 days,
blacklist:70.39.89.21,blacklist:70.39.89.21,70.39.89.21,False,blacklist,blacklist,70.39.89.21,,False,False,True,70.39.89.21,,blacklist:70.39.89.21,25,,0,10,2,,0,,,127.0.0.2,Listed,http://barracudacentral.org/rbl/removal-request,174.0,"<p>
	Listing in the Barracuda Blacklist could indicate any number of issues that need to be addressed in your network including but not limited to: virus-generated spam, poor server configuration, dynamic IP Addresses previously used by spammers, bulk mail sending that does not comply with the CAN-SPAM Act.</p>
",False,BARRACUDA,,,60,https://api.mxtoolbox.com/api/v1/history/2b1cef15-3155-4a28-9539-df95cc35166a/,True,129485429,f54f4720-da0a-4d61-856a-bc8d1fba7a3a,2019-01-04T12:25:03.38,2019-01-04T12:25:03.38,2b1cef15-3155-4a28-9539-df95cc35166a,84,BLACKLIST - 70.39.89.21,109491.0,,[],265524.0,True,True,,,[],9f68c502-a035-4d94-bca7-ec7b8d3a98e3,-1.0,,[],,Default,,40,"SORBS SPAM,BARRACUDA",[],,,,,,,,,4 days,[]
blacklist:70.39.89.32,blacklist:70.39.89.32,70.39.89.32,False,blacklist,blacklist,70.39.89.32,,False,False,True,70.39.89.32,,blacklist:70.39.89.32,25,,0,10,2,,0,,,127.0.0.2,Listed,http://barracudacentral.org/rbl/removal-request,174.0,"<p>
	Listing in the Barracuda Blacklist could indicate any number of issues that need to be addressed in your network including but not limited to: virus-generated spam, poor server configuration, dynamic IP Addresses previously used by spammers, bulk mail sending that does not comply with the CAN-SPAM Act.</p>
",False,BARRACUDA,,,60,https://api.mxtoolbox.com/api/v1/history/af05c1ad-cc27-4e43-9f63-2494bb60135f/,True,129485431,79de0cc8-e34e-4dae-be95-06729ac4c950,2019-01-02T17:25:45.6,2019-01-02T17:25:45.6,af05c1ad-cc27-4e43-9f63-2494bb60135f,92,BLACKLIST - 70.39.89.32,109491.0,,[],265524.0,True,True,,,[],9f68c502-a035-4d94-bca7-ec7b8d3a98e3,-1.0,,[],,Default,,40,BARRACUDA,[],,,,,,,,,6 days,[]
blacklist:70.39.89.19,blacklist:70.39.89.19,70.39.89.19,False,blacklist,blacklist,70.39.89.19,,False,False,True,70.39.89.19,,blacklist:70.39.89.19,25,,0,10,2,,0,,,127.0.0.2,Listed,http://www.sorbs.net/lookup.shtml,121.0,"<p>
	The SORBS (Spam and Open Relay Blocking System) provides free access to its DNS-based Block List (DNSBL) to effectively block email from over 12 million host servers known to disseminate spam, phishing attacks, and other forms of malicious email. This blacklist typically includes email servers that are suspected of sending or relaying spam, servers that have been hacked and hijacked, and servers with Trojan infestations. Additionally, SORBS also lists servers with dynamically allocated IP addresses.</p>
",False,SORBS SPAM,,,60,https://api.mxtoolbox.com/api/v1/history/f93b0a82-b70c-4ba2-8c53-1336f251299d/,True,129485430,57e7c25b-f532-4717-a51b-61b82fca857e,2018-11-26T14:01:58.28,2018-11-26T14:01:58.28,f93b0a82-b70c-4ba2-8c53-1336f251299d,84,BLACKLIST - 70.39.89.19,,,,,,,,,,,,,,,,,40,,[],,,,,,,,,43 days,
blacklist:70.39.89.19,blacklist:70.39.89.19,70.39.89.19,False,blacklist,blacklist,70.39.89.19,,False,False,True,70.39.89.19,,blacklist:70.39.89.19,25,,0,10,2,,0,,,127.0.0.2,Listed,http://barracudacentral.org/rbl/removal-request,174.0,"<p>
	Listing in the Barracuda Blacklist could indicate any number of issues that need to be addressed in your network including but not limited to: virus-generated spam, poor server configuration, dynamic IP Addresses previously used by spammers, bulk mail sending that does not comply with the CAN-SPAM Act.</p>
",False,BARRACUDA,,,60,https://api.mxtoolbox.com/api/v1/history/f93b0a82-b70c-4ba2-8c53-1336f251299d/,True,129485430,57e7c25b-f532-4717-a51b-61b82fca857e,2018-11-26T14:01:58.28,2018-11-26T14:01:58.28,f93b0a82-b70c-4ba2-8c53-1336f251299d,84,BLACKLIST - 70.39.89.19,109491.0,,[],265524.0,True,True,,,[],9f68c502-a035-4d94-bca7-ec7b8d3a98e3,-1.0,,[],,Default,,40,"SORBS SPAM,BARRACUDA",[],,,,,,,,,43 days,[]
blacklist:70.39.89.100,blacklist:70.39.89.100,70.39.89.100,False,blacklist,blacklist,70.39.89.100,,False,False,True,70.39.89.100,,blacklist:70.39.89.100,25,,0,10,2,,0,,,127.0.0.2,Listed,http://barracudacentral.org/rbl/removal-request,174.0,"<p>
	Listing in the Barracuda Blacklist could indicate any number of issues that need to be addressed in your network including but not limited to: virus-generated spam, poor server configuration, dynamic IP Addresses previously used by spammers, bulk mail sending that does not comply with the CAN-SPAM Act.</p>
",False,BARRACUDA,,,60,https://api.mxtoolbox.com/api/v1/history/6df42d3f-5d82-4dc4-a8ad-b0ee565b98b2/,True,129485432,5fc249c6-1c75-46b8-8173-94fac92b5371,2019-01-04T11:37:38.7,2019-01-04T11:37:38.7,6df42d3f-5d82-4dc4-a8ad-b0ee565b98b2,92,SendWK.Net - 70.39.89.100,109491.0,,[],265524.0,True,True,,,[],9f68c502-a035-4d94-bca7-ec7b8d3a98e3,-1.0,,[],,Default,,40,BARRACUDA,[],,,,,,,,,4 days,[]
blacklist:206.212.244.54,blacklist:206.212.244.54,206.212.244.54,False,blacklist,blacklist,206.212.244.54,,False,False,True,206.212.244.54,,blacklist:206.212.244.54,25,,0,10,0,,0,,[],,,,,,,,,,60,https://api.mxtoolbox.com/api/v1/history/4f6e0816-9a8f-4fa5-8f4f-cbfbb7c9f4c1/,True,129485433,f7fe21b0-adbd-40f9-9b70-29a0fcdace0f,2018-11-21T15:55:15.737,2018-11-21T15:55:15.667,4f6e0816-9a8f-4fa5-8f4f-cbfbb7c9f4c1,100,BLACKLIST - 206.212.244.54,109491.0,,[],265524.0,True,True,,,[],9f68c502-a035-4d94-bca7-ec7b8d3a98e3,-1.0,,[],,Default,,40,Not Blacklisted,[],,,,,,,,,48 days,[]
blacklist:206.212.244.53,blacklist:206.212.244.53,206.212.244.53,False,blacklist,blacklist,206.212.244.53,,False,False,True,206.212.244.53,,blacklist:206.212.244.53,25,,0,10,0,,0,,[],,,,,,,,,,60,https://api.mxtoolbox.com/api/v1/history/64736d76-b84d-43ee-9d31-cc2a9e450b11/,True,129485434,237c86d4-d521-46e0-97a3-b14bd55b1784,2018-11-21T15:55:17.56,2018-11-21T15:55:17.483,64736d76-b84d-43ee-9d31-cc2a9e450b11,100,BLACKLIST - 206.212.244.53,109491.0,,[],265524.0,True,True,,,[],9f68c502-a035-4d94-bca7-ec7b8d3a98e3,-1.0,,[],,Default,,40,Not Blacklisted,[],,,,,,,,,48 days,[]
blacklist:70.39.89.31,blacklist:70.39.89.31,70.39.89.31,False,blacklist,blacklist,70.39.89.31,,False,False,True,70.39.89.31,,blacklist:70.39.89.31,25,,0,10,2,,0,,,127.0.0.2,Listed,http://barracudacentral.org/rbl/removal-request,174.0,"<p>
	Listing in the Barracuda Blacklist could indicate any number of issues that need to be addressed in your network including but not limited to: virus-generated spam, poor server configuration, dynamic IP Addresses previously used by spammers, bulk mail sending that does not comply with the CAN-SPAM Act.</p>
",False,BARRACUDA,,,60,https://api.mxtoolbox.com/api/v1/history/2d9e00d3-96aa-4111-807e-2cb203c831ba/,True,129485436,8aa61359-27be-486e-b27c-283a83e8dcf9,2019-01-03T16:39:34.21,2019-01-03T16:39:34.21,2d9e00d3-96aa-4111-807e-2cb203c831ba,92,BLACKLIST - 70.39.89.31,109491.0,,[],265524.0,True,True,,,[],9f68c502-a035-4d94-bca7-ec7b8d3a98e3,-1.0,,[],,Default,,40,BARRACUDA,[],,,,,,,,,5 days,[]
blacklist:wkreach.net,blacklist:wkreach.net,wkreach.net,False,blacklist,blacklist,wkreach.net,,False,False,True,wkreach.net,,blacklist:wkreach.net,25,,0,10,2,,0,,,127.0.0.2,Listed,,284.0,"<p>
	This RHSBL run by Spamhaus contains domains (typically web site domains) found in spam messages.</p>
<p>
	The list is maintained by a dedicated team of specialists working with an automated system that constantly analyses a large portion of the world&#39;s email flow and the domains used in spam emails.</p>
",False,Spamhaus DBL,,,60,https://api.mxtoolbox.com/api/v1/history/de4b3f81-3c97-4e8d-acfc-684740f337b1/,True,129485437,f4d9645e-f2cf-48c0-852f-c9c0212bb182,2019-01-07T11:06:29.373,2019-01-07T11:06:29.373,de4b3f81-3c97-4e8d-acfc-684740f337b1,95,blacklist:wkreach.net,,,,,,,,,,,,,,,,,40,,[],,,,,,,,,25 hrs,
blacklist:wkreach.net,blacklist:wkreach.net,wkreach.net,False,blacklist,blacklist,wkreach.net,,False,False,True,wkreach.net,,blacklist:wkreach.net,25,,0,10,2,,0,,,127.0.0.2,IP/domain name appears in the body of unsolicited messages,https://www.invaluement.com/removal/,323.0,"<p>
	Listing in the Invaluement URI list (a domain blacklist) indicates that your domain has been found within the clickable links in the body of unsolicited emails by the Invaluement team.&nbsp;</p>
",False,ivmURI,,,60,https://api.mxtoolbox.com/api/v1/history/de4b3f81-3c97-4e8d-acfc-684740f337b1/,True,129485437,f4d9645e-f2cf-48c0-852f-c9c0212bb182,2019-01-07T11:06:29.373,2019-01-07T11:06:29.373,de4b3f81-3c97-4e8d-acfc-684740f337b1,95,blacklist:wkreach.net,109491.0,,[],265524.0,True,True,,,[],9f68c502-a035-4d94-bca7-ec7b8d3a98e3,-1.0,,[],,Default,,40,"Spamhaus DBL,ivmURI",[],,,,,,,,,25 hrs,[]
blacklist:206.212.244.52,blacklist:206.212.244.52,206.212.244.52,False,blacklist,blacklist,206.212.244.52,,False,False,True,206.212.244.52,,blacklist:206.212.244.52,25,,0,10,0,,0,,[],,,,,,,,,,60,https://api.mxtoolbox.com/api/v1/history/c89a583f-42f9-427c-8938-840ba08aa9d2/,True,129485438,6ab6d6c8-f557-4830-817d-dbf0743f7264,2018-11-21T15:55:19.093,2018-11-21T15:55:19.02,c89a583f-42f9-427c-8938-840ba08aa9d2,100,BLACKLIST - 206.212.244.52,109491.0,,[],265524.0,True,True,,,[],9f68c502-a035-4d94-bca7-ec7b8d3a98e3,-1.0,,[],,Default,,40,Not Blacklisted,[],,,,,,,,,48 days,[]
blacklist:206.212.244.51,blacklist:206.212.244.51,206.212.244.51,False,blacklist,blacklist,206.212.244.51,,False,False,True,206.212.244.51,,blacklist:206.212.244.51,25,,0,10,0,,0,,[],,,,,,,,,,60,https://api.mxtoolbox.com/api/v1/history/6c5fcaa0-ea3d-4627-92a8-ab243d99c4c1/,True,129485440,04372de5-24fc-4fe4-9aa3-dd9a8fe4e66f,2018-11-21T15:55:20.61,2018-11-21T15:55:20.527,6c5fcaa0-ea3d-4627-92a8-ab243d99c4c1,100,BLACKLIST - 206.212.244.51,109491.0,,[],265524.0,True,True,,,[],9f68c502-a035-4d94-bca7-ec7b8d3a98e3,-1.0,,[],,Default,,40,Not Blacklisted,[],,,,,,,,,48 days,[]
blacklist:70.39.89.29,blacklist:70.39.89.29,70.39.89.29,False,blacklist,blacklist,70.39.89.29,,False,False,True,70.39.89.29,,blacklist:70.39.89.29,25,,0,10,2,,0,,,127.0.0.2,Listed,http://barracudacentral.org/rbl/removal-request,174.0,"<p>
	Listing in the Barracuda Blacklist could indicate any number of issues that need to be addressed in your network including but not limited to: virus-generated spam, poor server configuration, dynamic IP Addresses previously used by spammers, bulk mail sending that does not comply with the CAN-SPAM Act.</p>
",False,BARRACUDA,,,60,https://api.mxtoolbox.com/api/v1/history/a0939fd2-b4b5-4d59-9024-72ccd90b3dcd/,True,129485441,c26b66a0-784b-41b1-8d4a-bd384f6a1ad5,2018-11-26T14:00:38.85,2018-11-26T14:00:38.85,a0939fd2-b4b5-4d59-9024-72ccd90b3dcd,92,BLACKLIST - 70.39.89.29,109491.0,,[],265524.0,True,True,,,[],9f68c502-a035-4d94-bca7-ec7b8d3a98e3,-1.0,,[],,Default,,40,BARRACUDA,[],,,,,,,,,43 days,[]
blacklist:getwhoknows.net,blacklist:getwhoknows.net,getwhoknows.net,False,blacklist,blacklist,getwhoknows.net,,False,False,True,getwhoknows.net,,blacklist:getwhoknows.net,25,,0,10,0,,0,,[],,,,,,,,,,60,https://api.mxtoolbox.com/api/v1/history/4addf86b-2adc-4cd2-b5bc-a0fcc54992d7/,True,129485442,d97f2386-d32a-4350-8bea-d2009f742d2a,2018-11-21T15:55:21.743,2018-11-21T15:55:21.68,4addf86b-2adc-4cd2-b5bc-a0fcc54992d7,100,domain: getwhoknows.net,109491.0,,[],265524.0,True,True,,,[],9f68c502-a035-4d94-bca7-ec7b8d3a98e3,-1.0,,[],,Default,,40,Not Blacklisted,[],,,,,,,,,48 days,[]
blacklist:206.212.244.50,blacklist:206.212.244.50,206.212.244.50,False,blacklist,blacklist,206.212.244.50,,False,False,True,206.212.244.50,,blacklist:206.212.244.50,25,,0,10,0,,0,,[],,,,,,,,,,60,https://api.mxtoolbox.com/api/v1/history/1d3bb982-7e67-4c30-8a39-57fd6c5aa33a/,True,129485443,63045069-3682-4801-a7db-1ce566d49858,2018-12-24T14:03:27.1,2018-12-24T14:03:27.1,1d3bb982-7e67-4c30-8a39-57fd6c5aa33a,100,BLACKLIST - 206.212.244.50,109491.0,,[],265524.0,True,True,,,[],9f68c502-a035-4d94-bca7-ec7b8d3a98e3,-1.0,,[],,Default,,40,Not Blacklisted,[],,,,,,,,,15 days,[]
blacklist:70.39.89.27,blacklist:70.39.89.27,70.39.89.27,False,blacklist,blacklist,70.39.89.27,,False,False,True,70.39.89.27,,blacklist:70.39.89.27,25,,0,10,2,,0,,,127.0.0.2,Listed,http://barracudacentral.org/rbl/removal-request,174.0,"<p>
	Listing in the Barracuda Blacklist could indicate any number of issues that need to be addressed in your network including but not limited to: virus-generated spam, poor server configuration, dynamic IP Addresses previously used by spammers, bulk mail sending that does not comply with the CAN-SPAM Act.</p>
",False,BARRACUDA,,,60,https://api.mxtoolbox.com/api/v1/history/e1e40f67-e950-49fb-81ef-20ee3d714391/,True,129485444,7c48d36f-829e-4074-9723-ee34931c3402,2019-01-04T12:17:15.777,2019-01-04T12:17:15.777,e1e40f67-e950-49fb-81ef-20ee3d714391,92,BLACKLIST - 70.39.89.27,109491.0,,[],265524.0,True,True,,,[],9f68c502-a035-4d94-bca7-ec7b8d3a98e3,-1.0,,[],,Default,,40,BARRACUDA,[],,,,,,,,,4 days,[]
blacklist:wkjobs.net,blacklist:wkjobs.net,wkjobs.net,False,blacklist,blacklist,wkjobs.net,,False,False,True,wkjobs.net,,blacklist:wkjobs.net,25,,0,10,0,,0,,[],,,,,,,,,,60,https://api.mxtoolbox.com/api/v1/history/91fba7ad-7d50-4d84-b70c-be2576276b35/,True,129485446,1e952e8e-85ae-467d-8fd8-a8f563ec119d,2018-11-21T15:55:24.873,2018-11-21T15:55:24.793,91fba7ad-7d50-4d84-b70c-be2576276b35,100,blacklist:wkjobs.net,109491.0,,[],265524.0,True,True,,,[],9f68c502-a035-4d94-bca7-ec7b8d3a98e3,-1.0,,[],,Default,,40,Not Blacklisted,[],,,,,,,,,48 days,[]
blacklist:sendwk.net,blacklist:sendwk.net,sendwk.net,False,blacklist,blacklist,sendwk.net,,False,False,True,sendwk.net,,blacklist:sendwk.net,25,,0,10,0,,0,,[],,,,,,,,,,60,https://api.mxtoolbox.com/api/v1/history/134ac430-5c39-4bf9-8440-dc37347f1889/,True,129485448,c3b3a296-2870-438d-bd90-3536b2aec265,2018-11-21T15:55:27.767,2018-11-21T15:55:27.703,134ac430-5c39-4bf9-8440-dc37347f1889,100,blacklist:sendwk.net,109491.0,,[],265524.0,True,True,,,[],9f68c502-a035-4d94-bca7-ec7b8d3a98e3,-1.0,,[],,Default,,40,Not Blacklisted,[],,,,,,,,,48 days,[]
blacklist:wksend.net,blacklist:wksend.net,wksend.net,False,blacklist,blacklist,wksend.net,,False,False,True,wksend.net,,blacklist:wksend.net,25,,0,10,0,,0,,[],,,,,,,,,,60,https://api.mxtoolbox.com/api/v1/history/2203abcf-5f86-4e15-9c66-fe4754c54f4b/,True,129485450,a5fbe098-e83c-442a-aa3f-33cc7ce8f693,2018-11-21T15:55:30.973,2018-11-21T15:55:30.91,2203abcf-5f86-4e15-9c66-fe4754c54f4b,100,blacklist:wksend.net,109491.0,,[],265524.0,True,True,,,[],9f68c502-a035-4d94-bca7-ec7b8d3a98e3,-1.0,,[],,Default,,40,Not Blacklisted,[],,,,,,,,,48 days,[]
blacklist:whoknowsrecruit.net,blacklist:whoknowsrecruit.net,whoknowsrecruit.net,False,blacklist,blacklist,whoknowsrecruit.net,,False,False,True,whoknowsrecruit.net,,blacklist:whoknowsrecruit.net,25,,0,10,0,,0,,[],,,,,,,,,,60,https://api.mxtoolbox.com/api/v1/history/402d4c29-09bd-4c43-b851-3458f358c4bd/,True,129485452,b558a8b1-30fb-4c0d-b191-4064116616c1,2018-11-21T15:55:33.787,2018-11-21T15:55:33.727,402d4c29-09bd-4c43-b851-3458f358c4bd,100,blacklist:whoknowsrecruit.net,109491.0,,[],265524.0,True,True,,,[],9f68c502-a035-4d94-bca7-ec7b8d3a98e3,-1.0,,[],,Default,,40,Not Blacklisted,[],,,,,,,,,48 days,[]
blacklist:whoknowsrecruiting.net,blacklist:whoknowsrecruiting.net,whoknowsrecruiting.net,False,blacklist,blacklist,whoknowsrecruiting.net,,False,False,True,whoknowsrecruiting.net,,blacklist:whoknowsrecruiting.net,25,,0,10,0,,0,,[],,,,,,,,,,60,https://api.mxtoolbox.com/api/v1/history/e36b1582-2393-4d82-b0fe-23549ad90629/,True,129485454,2ad8a7d8-de0a-4aaa-b94a-fd5d677478e4,2018-11-21T15:55:36.557,2018-11-21T15:55:36.493,e36b1582-2393-4d82-b0fe-23549ad90629,100,blacklist:whoknowsrecruiting.net,109491.0,,[],265524.0,True,True,,,[],9f68c502-a035-4d94-bca7-ec7b8d3a98e3,-1.0,,[],,Default,,40,Not Blacklisted,[],,,,,,,,,48 days,[]
blacklist:whoknowsrecruit.com,blacklist:whoknowsrecruit.com,whoknowsrecruit.com,False,blacklist,blacklist,whoknowsrecruit.com,,False,False,True,whoknowsrecruit.com,,blacklist:whoknowsrecruit.com,25,,0,10,0,,0,,[],,,,,,,,,,60,https://api.mxtoolbox.com/api/v1/history/c8e795d1-f442-4b1e-b44f-8b63f8e9f4d4/,True,129485456,e3fccd6f-544c-4ae9-a8d3-2a894eeb8d34,2018-11-21T15:55:39.327,2018-11-21T15:55:39.263,c8e795d1-f442-4b1e-b44f-8b63f8e9f4d4,100,blacklist:whoknowsrecruit.com,109491.0,,[],265524.0,True,True,,,[],9f68c502-a035-4d94-bca7-ec7b8d3a98e3,-1.0,,[],,Default,,40,Not Blacklisted,[],,,,,,,,,48 days,[]
blacklist:wk2send.com,blacklist:wk2send.com,wk2send.com,False,blacklist,blacklist,wk2send.com,,False,False,True,wk2send.com,,blacklist:wk2send.com,25,,0,10,0,,0,,[],,,,,,,,,,60,https://api.mxtoolbox.com/api/v1/history/febc9220-2c50-4eae-a55d-3bea0cffb3c3/,True,129485458,d840e0ec-bc3e-49d3-9c35-9938a1592b9b,2018-12-11T00:35:26.417,2018-12-11T00:35:26.417,febc9220-2c50-4eae-a55d-3bea0cffb3c3,100,blacklist:wk2send.com,109491.0,,[],265524.0,True,True,,,[],9f68c502-a035-4d94-bca7-ec7b8d3a98e3,-1.0,,[],,Default,,40,Not Blacklisted,[],,,,,,,,,28 days,[]
blacklist:whoknows.com,blacklist:whoknows.com,whoknows.com,False,blacklist,blacklist,whoknows.com,,False,False,True,whoknows.com,,blacklist:whoknows.com,25,,0,10,0,,0,,[],,,,,,,,,,60,https://api.mxtoolbox.com/api/v1/history/3b8e0ce7-acb6-4e80-ac64-3c5788eaecdf/,True,129577620,dc6e8eba-0d3b-4188-b044-3d8d45871a1a,2018-12-21T11:00:34.467,2018-12-21T11:00:34.22,3b8e0ce7-acb6-4e80-ac64-3c5788eaecdf,100,blacklist:whoknows.com,109491.0,,[],265524.0,True,True,,,[],9f68c502-a035-4d94-bca7-ec7b8d3a98e3,-1.0,,[],,Default,,40,Not Blacklisted,[],,,,,,,,,18 days,[]
blacklist:wkrecruit.net,blacklist:wkrecruit.net,wkrecruit.net,False,blacklist,blacklist,wkrecruit.net,,False,False,True,wkrecruit.net,,blacklist:wkrecruit.net,25,,0,10,0,,0,,[],,,,,,,,,,60,https://api.mxtoolbox.com/api/v1/history/c5c9b5b2-db8b-432e-a913-4d30480a86b6/,True,129589931,f9e4a412-dda7-40b7-bcf6-d874d531f50e,2018-12-28T14:48:06.933,2018-12-28T14:48:06.913,c5c9b5b2-db8b-432e-a913-4d30480a86b6,100,blacklist:wkrecruit.net,109491.0,,[],265524.0,True,True,,,[],9f68c502-a035-4d94-bca7-ec7b8d3a98e3,-1.0,,[],,Default,,40,Not Blacklisted,[],,,,,,,,,11 days,[]
blacklist:sendwk.com,blacklist:sendwk.com,sendwk.com,False,blacklist,blacklist,sendwk.com,,False,False,True,sendwk.com,,blacklist:sendwk.com,25,,0,10,0,,0,,[],,,,,,,,,,60,https://api.mxtoolbox.com/api/v1/history/2910fc0a-2f13-44e6-8391-754df697f948/,True,129589932,0e682683-6afb-49cc-86b9-505afc7e85a6,2018-12-28T14:48:27.487,2018-12-28T14:48:27.47,2910fc0a-2f13-44e6-8391-754df697f948,100,blacklist:sendwk.com,109491.0,,[],265524.0,True,True,,,[],9f68c502-a035-4d94-bca7-ec7b8d3a98e3,-1.0,,[],,Default,,40,Not Blacklisted,[],,,,,,,,,11 days,[]
blacklist:142.11.214.113,blacklist:142.11.214.113,142.11.214.113,False,blacklist,blacklist,142.11.214.113,,False,False,True,142.11.214.113,,blacklist:142.11.214.113,25,,0,10,0,,0,,[],,,,,,,,,,60,https://api.mxtoolbox.com/api/v1/history/8b320b47-c9a9-405b-bd2f-d3fb8d91b20f/,True,129589933,354bad73-1c47-4e00-89b1-506639ec4c4b,2018-12-28T14:48:52.533,2018-12-28T14:48:52.383,8b320b47-c9a9-405b-bd2f-d3fb8d91b20f,100,BLACKLIST - 142.11.214.113,109491.0,,[],265524.0,True,True,,,[],9f68c502-a035-4d94-bca7-ec7b8d3a98e3,-1.0,,[],,Default,,40,Not Blacklisted,[],,,,,,,,,11 days,[]
blacklist:142.11.214.115,blacklist:142.11.214.115,142.11.214.115,False,blacklist,blacklist,142.11.214.115,,False,False,True,142.11.214.115,,blacklist:142.11.214.115,25,,0,10,0,,0,,[],,,,,,,,,,60,https://api.mxtoolbox.com/api/v1/history/5dbca29f-bb57-44b0-b3fa-1461b1770bce/,True,129589934,d78eba0d-8be2-4830-8de4-bf5a80077727,2018-12-28T14:48:53.033,2018-12-28T14:48:53.01,5dbca29f-bb57-44b0-b3fa-1461b1770bce,100,BLACKLIST - 142.11.214.115,109491.0,,[],265524.0,True,True,,,[],9f68c502-a035-4d94-bca7-ec7b8d3a98e3,-1.0,,[],,Default,,40,Not Blacklisted,[],,,,,,,,,11 days,[]
blacklist:142.11.214.123,blacklist:142.11.214.123,142.11.214.123,False,blacklist,blacklist,142.11.214.123,,False,False,True,142.11.214.123,,blacklist:142.11.214.123,25,,0,10,0,,0,,[],,,,,,,,,,60,https://api.mxtoolbox.com/api/v1/history/1817bcd8-2e09-47b5-8b2a-ef4cf94539dc/,True,129589935,8816b9c6-9b73-4293-a530-292887182704,2018-12-28T14:48:53.503,2018-12-28T14:48:53.49,1817bcd8-2e09-47b5-8b2a-ef4cf94539dc,100,BLACKLIST - 142.11.214.123,109491.0,,[],265524.0,True,True,,,[],9f68c502-a035-4d94-bca7-ec7b8d3a98e3,-1.0,,[],,Default,,40,Not Blacklisted,[],,,,,,,,,11 days,[]
blacklist:142.11.214.126,blacklist:142.11.214.126,142.11.214.126,False,blacklist,blacklist,142.11.214.126,,False,False,True,142.11.214.126,,blacklist:142.11.214.126,25,,0,10,0,,0,,[],,,,,,,,,,60,https://api.mxtoolbox.com/api/v1/history/0994bdf0-c7a7-463c-a7cd-172380f06167/,True,129589936,a7760250-37da-4ac6-8ee7-412f09431d3e,2018-12-28T14:48:54.003,2018-12-28T14:48:53.98,0994bdf0-c7a7-463c-a7cd-172380f06167,100,BLACKLIST - 142.11.214.126,109491.0,,[],265524.0,True,True,,,[],9f68c502-a035-4d94-bca7-ec7b8d3a98e3,-1.0,,[],,Default,,40,Not Blacklisted,[],,,,,,,,,11 days,[]
blacklist:142.11.214.223,blacklist:142.11.214.223,142.11.214.223,False,blacklist,blacklist,142.11.214.223,,False,False,True,142.11.214.223,,blacklist:142.11.214.223,25,,0,10,0,,0,,[],,,,,,,,,,60,https://api.mxtoolbox.com/api/v1/history/af5da164-f96e-403d-acea-0a3d8cea2549/,True,129589937,d6ce99fb-53b9-40f0-a830-89ea19af8aaa,2018-12-28T14:48:54.537,2018-12-28T14:48:54.51,af5da164-f96e-403d-acea-0a3d8cea2549,100,BLACKLIST - 142.11.214.223,109491.0,,[],265524.0,True,True,,,[],9f68c502-a035-4d94-bca7-ec7b8d3a98e3,-1.0,,[],,Default,,40,Not Blacklisted,[],,,,,,,,,11 days,[]
blacklist:142.11.214.224,blacklist:142.11.214.224,142.11.214.224,False,blacklist,blacklist,142.11.214.224,,False,False,True,142.11.214.224,,blacklist:142.11.214.224,25,,0,10,0,,0,,[],,,,,,,,,,60,https://api.mxtoolbox.com/api/v1/history/25c69de8-e8ae-49a2-a6d0-a56e39823937/,True,129589938,7ceebf5a-78b6-49b4-915e-758e8ed5b97e,2018-12-28T14:48:55.02,2018-12-28T14:48:54.993,25c69de8-e8ae-49a2-a6d0-a56e39823937,100,BLACKLIST - 142.11.214.224,109491.0,,[],265524.0,True,True,,,[],9f68c502-a035-4d94-bca7-ec7b8d3a98e3,-1.0,,[],,Default,,40,Not Blacklisted,[],,,,,,,,,11 days,[]
blacklist:104.218.61.5,blacklist:104.218.61.5,104.218.61.5,False,blacklist,blacklist,104.218.61.5,,False,False,True,104.218.61.5,,blacklist:104.218.61.5,25,,0,10,0,,0,,[],,,,,,,,,,60,https://api.mxtoolbox.com/api/v1/history/5991139c-4c43-4ad4-9822-c67046013399/,True,129594056,a6e9fd02-669b-4c41-bc43-4375d01f51fe,2019-01-02T18:01:12.53,2019-01-02T18:01:12.467,5991139c-4c43-4ad4-9822-c67046013399,100,blacklist:104.218.61.5,109491.0,,[],265524.0,True,True,,,[],9f68c502-a035-4d94-bca7-ec7b8d3a98e3,-1.0,,[],,Default,,40,Not Blacklisted,[],,,,,,,,,6 days,[]
